"p_val","avg_log2FC","pct.1","pct.2","p_val_adj","cluster","gene"
2.60066580168226e-81,1.99880686202238,0.471,0.005,5.20133160336452e-78,"1","Col1a2"
4.16522539136043e-78,1.59915755900112,0.412,0.003,8.33045078272087e-75,"1","Meis1"
1.07560858902395e-37,2.41268943932331,0.412,0.012,2.15121717804791e-34,"1","Bmpr1b"
1.44990482883147e-22,1.56366750933045,0.471,0.032,2.89980965766293e-19,"1","Colec12"
5.41591791821268e-18,3.77261014710968,0.765,0.06,1.08318358364254e-14,"1","Atp1a2"
8.40902075386934e-17,3.92346609717255,0.765,0.103,1.68180415077387e-13,"1","Nfia"
9.25004051912592e-17,1.90800450123545,0.529,0.023,1.85000810382518e-13,"1","Prrx1"
9.10857474324558e-16,1.08986128343333,0.235,0.011,1.82171494864912e-12,"1","Foxb1"
1.86476463782322e-15,3.49378341486459,0.824,0.131,3.72952927564643e-12,"1","Slc1a2"
6.4428457192771e-14,4.15582015050173,0.824,0.199,1.28856914385542e-10,"1","Slc4a4"
4.93738241042098e-13,4.21926230194206,0.824,0.175,9.87476482084196e-10,"1","Apoe"
6.03125688441465e-13,3.11746823656807,0.706,0.098,1.20625137688293e-09,"1","Gm3764"
6.42906100766522e-13,3.00277324657999,0.706,0.096,1.28581220153304e-09,"1","Mmd2"
6.63979214510057e-13,1.7913159534825,0.471,0.034,1.32795842902011e-09,"1","B230323A14Rik"
7.27608634384639e-13,2.65931793228796,0.588,0.042,1.45521726876928e-09,"1","Itih3"
9.40498183340013e-13,2.11074941908684,0.529,0.038,1.88099636668003e-09,"1","Myo1e"
2.24542977414387e-12,1.78587339341677,0.471,0.059,4.49085954828774e-09,"1","Slco1c1"
1.10717411047861e-11,4.3751108833843,0.765,0.201,2.21434822095723e-08,"1","Gpc5"
1.58764570604216e-11,3.09154396440133,0.882,0.283,3.17529141208431e-08,"1","Ptprz1"
2.11480275816344e-11,2.82171711841985,0.588,0.07,4.22960551632688e-08,"1","Agt"
2.26041561966082e-11,2.36500661021474,0.588,0.069,4.52083123932163e-08,"1","Bcan"
3.26907026818248e-11,2.48541950811979,0.647,0.131,6.53814053636496e-08,"1","Ccdc141"
5.57079291810066e-11,3.18966264940381,0.588,0.094,1.11415858362013e-07,"1","Prex2"
5.71362457886537e-11,2.8652557943834,0.588,0.069,1.14272491577307e-07,"1","Soat1"
9.18872092851477e-11,1.91853868540601,0.529,0.068,1.83774418570295e-07,"1","Gm973"
2.67012357010246e-10,1.66231158031763,0.471,0.028,5.34024714020491e-07,"1","Slc7a10"
3.54152683697673e-10,2.90697210277734,0.647,0.149,7.08305367395347e-07,"1","Rorb"
3.76097523351455e-10,2.9552447984585,0.529,0.056,7.52195046702911e-07,"1","Gja1"
9.6205788912734e-10,3.15172920461941,0.882,0.33,1.92411577825468e-06,"1","Cst3"
1.17441100961831e-09,2.13624881085039,0.529,0.092,2.34882201923661e-06,"1","Cmtm5"
1.31891616210214e-09,1.97446489813657,0.529,0.051,2.63783232420427e-06,"1","Slc2a1"
1.52570080775574e-09,1.78146239019216,0.471,0.04,3.05140161551148e-06,"1","Tril"
4.42341020773873e-09,3.01203433487846,0.765,0.24,8.84682041547746e-06,"1","Qk"
4.66611503245211e-09,2.17393637459054,0.529,0.086,9.33223006490422e-06,"1","Slc7a11"
7.05615467049887e-09,2.65229969449612,0.647,0.163,1.41123093409977e-05,"1","Timp3"
7.72890555011185e-09,2.70446016683253,0.588,0.082,1.54578111002237e-05,"1","Sparc"
1.48514125244996e-08,2.36595521908927,0.529,0.092,2.97028250489992e-05,"1","Kcnip3"
1.52693134253532e-08,1.66316200221534,0.412,0.055,3.05386268507064e-05,"1","Nkx2-2"
2.12162712140113e-08,2.1798515210427,0.529,0.074,4.24325424280226e-05,"1","Serpine2"
3.12875778743999e-08,2.30710237390948,0.529,0.088,6.25751557487997e-05,"1","Plcd4"
6.81831776009317e-08,1.9647395446514,0.412,0.029,0.000136366355201863,"1","Btbd17"
7.54818818157211e-08,2.39122109503904,0.588,0.133,0.000150963763631442,"1","Spon1"
9.25852544772959e-08,2.29824865590362,0.529,0.123,0.000185170508954592,"1","Adamts20"
9.50219952966917e-08,1.08440871078527,0.412,0.036,0.000190043990593383,"1","Epas1"
1.26742825297674e-07,2.58432798949507,0.765,0.281,0.000253485650595349,"1","Mpp6"
1.39972615849735e-07,1.997116731746,0.529,0.121,0.00027994523169947,"1","Rfx4"
2.25830543746714e-07,2.37602220857878,0.588,0.14,0.000451661087493428,"1","Slc6a1"
2.60402436995516e-07,1.95879287828503,0.412,0.043,0.000520804873991031,"1","S1pr1"
3.67001094235537e-07,2.37065842899015,0.471,0.047,0.000734002188471075,"1","Gpr37l1"
5.22065977745172e-07,1.58380492833413,0.412,0.053,0.00104413195549034,"1","Gramd3"
5.65825714138162e-07,1.23223664558142,0.412,0.042,0.00113165142827632,"1","Btg2"
6.08002122024918e-07,0.946023180536696,0.412,0.07,0.00121600424404984,"1","Smad3"
9.54039272404966e-07,2.54849757223169,0.588,0.163,0.00190807854480993,"1","Slc6a11"
1.00220235056748e-06,2.12983919675923,0.529,0.117,0.00200440470113497,"1","Ndrg2"
1.05261845108323e-06,1.0020656494923,0.412,0.059,0.00210523690216647,"1","Igsf1"
1.4351277553148e-06,2.29052697442828,0.588,0.166,0.0028702555106296,"1","Ppargc1a"
1.46049628625336e-06,1.47906276111731,0.471,0.093,0.00292099257250672,"1","Arhgef26"
1.79821491641852e-06,3.05980282282914,0.529,0.096,0.00359642983283704,"1","Sparcl1"
1.98758306273475e-06,2.38845156984585,0.588,0.166,0.0039751661254695,"1","Luzp2"
2.29575450253592e-06,1.47040483865252,0.471,0.102,0.00459150900507183,"1","Zeb2"
2.29583105074878e-06,0.938172352357606,0.412,0.057,0.00459166210149756,"1","Hist1h2bc"
2.58700985116246e-06,0.95132265042891,0.412,0.057,0.00517401970232493,"1","Akap5"
3.04334288825431e-06,2.3097987225439,0.882,0.522,0.00608668577650863,"1","Npas3"
3.5586667593579e-06,2.33818204384467,0.647,0.218,0.0071173335187158,"1","Cd81"
3.8810676128699e-06,1.41206136365053,0.471,0.101,0.0077621352257398,"1","Eif2ak2"
3.88426486822446e-06,2.50361763220747,0.529,0.166,0.00776852973644892,"1","Gm16168"
4.11876587023814e-06,2.12718618767533,0.471,0.114,0.00823753174047628,"1","Slc39a12"
5.5347240601673e-06,1.84395660992251,0.412,0.046,0.0110694481203346,"1","Etv1"
8.2071757844272e-06,1.90198937767494,0.588,0.17,0.0164143515688544,"1","Lgi1"
8.60856600223465e-06,1.56072812253406,0.471,0.106,0.0172171320044693,"1","Pla2g7"
9.71459007192971e-06,1.47056738866832,0.471,0.116,0.0194291801438594,"1","Ldb2"
1.00093677541836e-05,1.3413476893716,0.471,0.13,0.0200187355083672,"1","Cep128"
1.06084506810878e-05,1.64470263301992,0.412,0.047,0.0212169013621756,"1","Aqp4"
1.41646884495359e-05,1.53216244986242,0.471,0.125,0.0283293768990719,"1","Chd7"
1.45274779640018e-05,1.32540208868549,0.353,0.025,0.0290549559280036,"1","Hhip"
1.60641112594878e-05,2.5704650588114,0.706,0.32,0.0321282225189756,"1","Pitpnc1"
1.64857518613891e-05,1.00996893231065,0.353,0.031,0.0329715037227783,"1","Pax6"
1.75746847765136e-05,1.09139664543014,0.353,0.025,0.0351493695530273,"1","Itgb5"
1.82548074209392e-05,1.35291119557147,0.176,0.021,0.0365096148418784,"1","Dcn"
1.87539189682557e-05,1.66381104597732,0.471,0.114,0.0375078379365113,"1","Mbp"
1.88474187424386e-05,1.28041502545298,0.471,0.118,0.0376948374848773,"1","Pde9a"
1.98528512191191e-05,1.12078453327191,0.412,0.084,0.0397057024382382,"1","Hlf"
2.43153240158602e-05,2.19549794350686,0.529,0.15,0.0486306480317203,"1","Pip4k2a"
2.64903739421805e-05,1.92590147296153,0.412,0.063,0.052980747884361,"1","Ednrb"
3.06896828804235e-05,0.838789019899718,0.118,0.005,0.0613793657608469,"1","Fbln1"
3.37718146231921e-05,0.876465781409611,0.412,0.087,0.0675436292463841,"1","Ccdc151"
3.72395527203398e-05,0.904509561185237,0.412,0.086,0.0744791054406796,"1","Ggh"
3.72598044169002e-05,1.60334118565793,0.412,0.057,0.0745196088338003,"1","Id2"
4.48868985119068e-05,1.46207423556857,0.471,0.147,0.0897737970238136,"1","Csgalnact1"
4.68798247813717e-05,1.35094466008912,0.529,0.167,0.0937596495627435,"1","Ptprt"
5.10353615415317e-05,1.28471575547856,0.882,0.549,0.102070723083063,"1","Plcb1"
5.13571763750281e-05,2.33389104098298,0.882,0.676,0.102714352750056,"1","Trpm3"
5.16279683032086e-05,1.74220838690272,0.412,0.07,0.103255936606417,"1","Nfix"
5.58440596212627e-05,2.49830283480344,0.765,0.423,0.111688119242525,"1","Nnat"
5.72562667316914e-05,0.915299221791301,0.118,0.011,0.114512533463383,"1","Gper1"
5.74933206246139e-05,0.919267031315404,0.412,0.099,0.114986641249228,"1","Etv5"
5.88389173610454e-05,0.82206205994178,0.412,0.099,0.117677834722091,"1","Dock1"
6.41462917654266e-05,2.03815054012376,0.529,0.134,0.128292583530853,"1","Dhx40"
6.46065228162026e-05,2.26768273073484,0.412,0.073,0.129213045632405,"1","Slc1a3"
6.55502476331331e-05,0.986626017392799,0.412,0.097,0.131100495266266,"1","Cpt1a"
6.64712020867911e-05,0.915120501594656,0.412,0.111,0.132942404173582,"1","Elf1"
7.95064727578837e-05,2.16285167552331,0.647,0.272,0.159012945515767,"1","Adk"
8.34170462352223e-05,2.35068672198568,0.647,0.288,0.166834092470445,"1","Trps1"
9.05795577403677e-05,1.64238485573815,0.529,0.172,0.181159115480735,"1","Sppl2a"
9.13390347478806e-05,1.35434091337676,0.471,0.141,0.182678069495761,"1","Nrp1"
0.000102759278560575,1.54591655914666,0.529,0.166,0.20551855712115,"1","Tsc22d4"
0.000122550165372472,1.96777829155743,0.824,0.476,0.245100330744943,"1","Rora"
0.000128395900162114,1.7905155402273,0.412,0.087,0.256791800324227,"1","Phkg1"
0.000138881284902892,1.32920418581084,0.353,0.051,0.277762569805783,"1","Gjb6"
0.000144917376331093,0.93466871425123,0.353,0.047,0.289834752662186,"1","Sdc4"
0.000176431628421015,1.3257933406463,0.471,0.16,0.35286325684203,"1","Sox6"
0.000179587449370424,1.7297354592626,0.471,0.142,0.359174898740848,"1","Mt1"
0.000179891851619197,0.977496626121156,0.412,0.112,0.359783703238394,"1","2810459M11Rik"
0.000211574254022998,1.72303229295021,0.824,0.551,0.423148508045995,"1","Msi2"
0.00021784168505383,1.30206519115769,0.353,0.043,0.435683370107659,"1","Kcnj10"
0.000269005634883829,0.872096551382683,0.412,0.123,0.538011269767657,"1","Nfib"
0.000368641598992056,1.0285485378554,0.353,0.046,0.737283197984112,"1","Prdm16"
0.000413890233855046,2.56593104742986,0.471,0.13,0.827780467710091,"1","Clu"
0.000418537775801738,0.950317985087885,0.353,0.055,0.837075551603475,"1","H2-K1"
0.00050289038675884,0.973470858751651,0.353,0.063,1,"1","Abca1"
0.000505680219914998,1.78781589767602,0.412,0.097,1,"1","Mobp"
0.000533467934482447,1.61856871259959,0.471,0.162,1,"1","Cachd1"
0.00053436223553625,1.38575222147278,0.412,0.123,1,"1","Tmbim1"
0.000547254658359933,1.58611398423537,0.588,0.258,1,"1","Cdh20"
0.000585414647259616,1.29370637737504,0.353,0.062,1,"1","Carhsp1"
0.000670162569826747,1.01835227002433,0.412,0.118,1,"1","Tex9"
0.000686126901949101,1.58491023414687,0.353,0.065,1,"1","Csrp1"
0.000755162055872384,1.64653227829757,0.412,0.092,1,"1","Cnn3"
0.000851582417414515,0.981377660205644,0.529,0.191,1,"1","Alcam"
0.000938751597469803,1.40018929180054,0.588,0.259,1,"1","Auts2"
0.00101718586708065,1.50188556939183,0.353,0.068,1,"1","Peli2"
0.00102273813465061,1.08215845510801,0.412,0.142,1,"1","Arap2"
0.00109768678493883,1.48168173258634,0.353,0.075,1,"1","Nhsl1"
0.00112347536613232,2.14118077449937,0.176,0.034,1,"1","Spef2"
0.00115526637962392,1.31731918145672,0.471,0.17,1,"1","Rhoq"
0.00125068578730633,0.696140431862923,0.412,0.142,1,"1","Rgs6"
0.00140528185281188,0.823247324768036,0.353,0.066,1,"1","Car2"
0.00155003565131772,2.11950633125546,0.529,0.225,1,"1","Gpm6b"
0.00159186129589226,0.933906096144421,0.412,0.136,1,"1","Krcc1"
0.00172121812618316,2.32889906882433,0.353,0.055,1,"1","Atp13a4"
0.00180046288851673,1.20071586553134,0.471,0.188,1,"1","Gulp1"
0.00182564599624329,1.06079044488532,0.471,0.177,1,"1","Eps8"
0.00203850220577012,0.843802846944816,0.412,0.142,1,"1","Gabarap"
0.00204333673206883,0.972467560102625,0.353,0.081,1,"1","Heg1"
0.00216746008679247,1.01144072368018,0.353,0.086,1,"1","Ppfibp2"
0.00221882190422321,1.4256123632918,0.529,0.227,1,"1","Glud1"
0.00255513523662833,1.39378720717712,0.471,0.187,1,"1","Reep3"
0.00257854840584436,1.74797453865082,0.588,0.291,1,"1","Fut9"
0.00258277656362366,0.87636693806027,0.353,0.082,1,"1","Slitrk2"
0.0025999759273026,0.739020850706444,0.412,0.138,1,"1","Hmgn1"
0.00271767249393617,0.719075321594679,0.412,0.159,1,"1","Cdc14a"
0.00272636829105699,1.23854246405418,0.529,0.232,1,"1","Otud4"
0.00280396205812886,1.81385233129049,0.471,0.157,1,"1","Ptn"
0.00308534139805768,0.903050971473846,0.353,0.088,1,"1","Tcf7l2"
0.00312092922184818,0.909898378366594,0.353,0.085,1,"1","Tle2"
0.00316723259150868,1.80159561372827,0.588,0.306,1,"1","Plce1"
0.00368822680750519,0.790560054562718,0.353,0.085,1,"1","Ak4"
0.00369493284202851,1.30076505395726,0.706,0.379,1,"1","Lrp1b"
0.00388241016627838,1.11380669378853,0.353,0.086,1,"1","Casp8ap2"
0.00398008005377757,0.530678890230855,0.412,0.147,1,"1","Btbd11"
0.00406593121023066,1.69798686014434,0.647,0.364,1,"1","Dnajc1"
0.00441229106026812,0.665385200631536,0.412,0.153,1,"1","Wls"
0.00480266791909101,1.44555328575232,0.412,0.132,1,"1","Prdx1"
0.00483795648722534,1.60226844766542,0.353,0.097,1,"1","Atp1b2"
0.00486796764805397,0.756951277357431,0.353,0.083,1,"1","Mrpl36"
0.00504038130856723,1.83107051701014,0.529,0.27,1,"1","Grm3"
0.00577435981600826,0.603863197432541,0.353,0.088,1,"1","Tcerg1l"
0.00609208553554182,1.09305758271908,0.294,0.032,1,"1","Aldh1a1"
0.00653743220430841,0.692678308102379,0.412,0.157,1,"1","Ssr1"
0.00725256578880894,1.31847589917273,0.294,0.034,1,"1","Ctsz"
0.00760441879550501,0.783015469246442,0.412,0.165,1,"1","Cpq"
0.00770407584900833,1.47235732985126,0.294,0.031,1,"1","Etnppl"
0.00783042817316913,0.687988738848983,0.412,0.165,1,"1","Lamp1"
0.00790412236145618,1.03834542100774,0.471,0.216,1,"1","Utrn"
0.00831719697497054,1.37537997482635,0.765,0.612,1,"1","Nebl"
0.008406618537099,1.09839974798374,0.294,0.034,1,"1","Padi2"
0.00863164347335001,1.94018048773765,0.647,0.364,1,"1","B3galt1"
0.00878484482652326,1.39520890748573,0.353,0.069,1,"1","Tspan15"
0.00902736667787449,1.93831959229358,0.529,0.275,1,"1","Myo10"
0.00950242689192247,0.814924187444346,0.412,0.174,1,"1","Syndig1"
0.00977246467079444,0.488652344149198,0.412,0.177,1,"1","Flrt2"
1.10393947883183e-37,3.05711760029494,1,0.416,2.20787895766367e-34,"2","Csmd1"
2.03125921493578e-37,2.89429210773665,0.769,0.147,4.06251842987156e-34,"2","Arpp21"
1.6107020075238e-31,2.52482153983558,0.962,0.361,3.2214040150476e-28,"2","Lrp1b"
3.42903982760039e-31,2.23822015373692,1,0.729,6.85807965520078e-28,"2","Nrxn3"
3.526277081583e-26,2.39984757161727,0.885,0.363,7.052554163166e-23,"2","Cntn4"
1.29710475079988e-24,2.75228931042275,0.808,0.309,2.59420950159977e-21,"2","Col25a1"
1.57211412625186e-24,2.96228667570495,0.635,0.154,3.14422825250371e-21,"2","Ptprt"
9.174985155788e-24,2.66491641592216,0.769,0.292,1.8349970311576e-20,"2","Sorcs3"
2.10688580186368e-23,2.62973830680615,0.712,0.217,4.21377160372735e-20,"2","Fam19a1"
2.61052488932001e-21,2.19209910885301,0.788,0.319,5.22104977864002e-18,"2","Spock3"
3.79318574441522e-18,2.17327821606539,0.481,0.09,7.58637148883044e-15,"2","Gad2"
1.33811582174775e-17,1.61843539845968,0.942,0.717,2.67623164349551e-14,"2","Grm8"
3.73303079389605e-17,2.3796973785083,0.615,0.208,7.4660615877921e-14,"2","Unc13c"
1.27745249888705e-15,1.87120991006125,0.788,0.468,2.5549049977741e-12,"2","Rora"
5.07363932273277e-15,1.39832164586711,0.904,0.698,1.01472786454655e-11,"2","Dab1"
5.81600773077588e-15,1.88992311578534,0.635,0.245,1.16320154615518e-11,"2","Pcdh15"
7.96194010291609e-14,2.04001340891757,0.385,0.068,1.59238802058322e-10,"2","Serpine2"
5.86448307395426e-13,1.66787171123767,0.75,0.467,1.17289661479085e-09,"2","Tcf4"
6.96900805302226e-12,2.10404646350474,0.481,0.168,1.39380161060445e-08,"2","Kcnip1"
8.76458579025929e-12,1.92984487294744,0.538,0.216,1.75291715805186e-08,"2","Pex5l"
1.67201806911342e-11,1.18261736898837,0.923,0.693,3.34403613822684e-08,"2","Gabrg3"
4.39077979892589e-11,1.13321465697914,0.865,0.7,8.78155959785178e-08,"2","Magi2"
9.38948597519300e-11,1.07521047085225,0.885,0.668,1.8778971950386e-07,"2","Il1rapl1"
1.06855216556596e-09,1.12706670525427,0.808,0.564,2.13710433113193e-06,"2","Asic2"
4.24354019878321e-09,0.991521258661324,0.846,0.704,8.48708039756641e-06,"2","Gria4"
3.79986100900891e-08,0.673499601253117,1,0.894,7.59972201801782e-05,"2","Tenm2"
7.37017804896158e-08,0.694874118991375,0.942,0.849,0.000147403560979232,"2","Ctnna2"
5.25538872812525e-07,1.63642099584475,0.25,0.069,0.00105107774562505,"2","Lgr5"
7.46460893096768e-07,0.979605099002316,0.788,0.691,0.00149292178619354,"2","Robo2"
1.7590127708033e-06,0.81539475433883,0.865,0.753,0.0035180255416066,"2","Pcdh7"
2.74523708333321e-06,1.75436922515874,0.327,0.137,0.00549047416666642,"2","Galnt14"
6.07382062101699e-06,0.586301569996089,0.981,0.907,0.012147641242034,"2","Opcml"
6.70863537648986e-06,1.52735947594353,0.327,0.144,0.0134172707529797,"2","Btbd11"
8.30019904657857e-06,0.855853616554016,0.769,0.593,0.0166003980931571,"2","Tenm4"
1.39988451043764e-05,1.84274424532987,0.288,0.12,0.0279976902087528,"2","Nfib"
1.4936316646669e-05,1.79657423951945,0.25,0.091,0.0298726332933381,"2","St6gal1"
2.31996678187953e-05,1.40266728660723,0.462,0.283,0.0463993356375906,"2","Tnr"
4.31018170906774e-05,0.680165373061659,0.904,0.845,0.0862036341813548,"2","Negr1"
7.04111454120091e-05,0.440823443129593,0.962,0.838,0.140822290824018,"2","Syt1"
0.00011735564775613,1.27887074040946,0.231,0.091,0.234711295512261,"2","Necab1"
0.000122967434595356,1.5379521317474,0.269,0.126,0.245934869190712,"2","Cdh4"
0.000155935624443296,0.778638886851965,0.673,0.576,0.311871248886592,"2","Cadm1"
0.000156099258352568,1.24153821925868,0.5,0.363,0.312198516705137,"2","B3galt1"
0.000232499508851725,1.10421091572239,0.5,0.363,0.464999017703449,"2","Rasgrf1"
0.000239041562466428,0.930646460043806,0.5,0.367,0.478083124932857,"2","Scn1a"
0.00026524914214048,1.33345190342091,0.25,0.116,0.53049828428096,"2","Ldb2"
0.00052263683018488,0.597105513665439,0.692,0.644,1,"2","Dgkb"
0.000695383016613626,0.395222873023655,0.942,0.874,1,"2","Ntm"
0.000780589153634365,1.04621344216823,0.519,0.42,1,"2","Slc24a3"
0.000821623954067621,1.34097079100672,0.231,0.119,1,"2","Epha4"
0.00100743691523698,1.4431797884511,0.385,0.261,1,"2","Specc1"
0.00106100510662097,0.74535837010161,0.115,0.046,1,"2","Slc32a1"
0.00118628032887515,1.10327487644939,0.288,0.17,1,"2","Lgi1"
0.00149275544169674,1.15165783595628,0.288,0.167,1,"2","Luzp2"
0.00244768010335125,0.65245295672085,0.923,0.846,1,"2","Celf2"
0.00278415770966547,0.601059633254406,0.673,0.606,1,"2","Gria3"
0.00280152866195952,1.02419477845028,0.308,0.205,1,"2","Nr2f2"
0.00314998180207655,1.35040555192981,0.25,0.147,1,"2","Man1a"
0.00392153194143344,1.09536165696787,0.346,0.245,1,"2","Pcdh19"
0.00397673482537074,1.32044196843857,0.269,0.161,1,"2","Zfp536"
0.00468310019015814,0.699458581189891,0.635,0.595,1,"2","Pbx1"
0.00485556067957536,1.01161910008122,0.154,0.086,1,"2","Hs6st2"
0.00544108450182021,0.369438148046126,0.731,0.661,1,"2","Htr2c"
0.00753305269100091,1.046167314287,0.442,0.377,1,"2","Atp1b1"
0.00812643369518902,1.35637447101153,0.346,0.255,1,"2","Ryr3"
0.00818609822647611,0.49716414184439,0.808,0.81,1,"2","Grip1"
0.00829276919636578,0.906225061358371,0.135,0.078,1,"2","Ecel1"
5.36207883602151e-87,0.885206390036016,1,0.892,1.0724157672043e-83,"3","Lrrtm4"
8.53951731286599e-79,1.10257922899809,0.979,0.753,1.7079034625732e-75,"3","Cdh18"
2.43517233292964e-50,1.00524986523446,0.912,0.641,4.87034466585929e-47,"3","Brinp3"
9.81357299061608e-50,1.4992944006782,0.71,0.358,1.96271459812322e-46,"3","Erbb4"
2.27749266878506e-48,1.15315664431571,0.611,0.257,4.55498533757013e-45,"3","Cadps2"
1.07489306806691e-44,0.970209073540438,0.606,0.254,2.14978613613383e-41,"3","Edil3"
2.14851472195927e-41,0.529988360359423,0.995,0.912,4.29702944391855e-38,"3","Rbfox1"
7.51417904752016e-40,0.797180291400505,0.899,0.656,1.50283580950403e-36,"3","Etl4"
8.50224958715637e-40,1.03494022250333,0.848,0.587,1.70044991743127e-36,"3","Htr2c"
8.60925380538726e-40,0.802872979963405,0.643,0.301,1.72185076107745e-36,"3","Hs3st5"
8.68976123104299e-39,0.343236909729409,0.933,0.658,1.7379522462086e-35,"3","Nrxn3"
1.06328344812557e-38,0.754991490855407,0.788,0.456,2.12656689625113e-35,"3","Frmd5"
2.45581839107713e-38,1.04448028400665,0.624,0.308,4.91163678215426e-35,"3","Zfhx3"
3.74278951835735e-38,0.606871951073662,0.963,0.733,7.48557903671469e-35,"3","Epha5"
4.63717755831518e-38,0.84465517174935,0.806,0.499,9.27435511663035e-35,"3","Lcorl"
1.11133474687111e-36,0.536398956776595,0.929,0.67,2.22266949374223e-33,"3","Dmd"
1.45707536940399e-36,0.79413321229798,0.779,0.463,2.91415073880797e-33,"3","Pcdh11x"
1.13840766189938e-34,0.72065919527719,0.793,0.453,2.27681532379876e-31,"3","Plcb1"
2.43395515296699e-34,0.851778847450617,0.654,0.36,4.86791030593399e-31,"3","Tle4"
9.64933578333827e-34,0.66725810482716,0.843,0.575,1.92986715666765e-30,"3","Rit2"
2.59006128770337e-33,0.658731177232065,0.806,0.534,5.18012257540675e-30,"3","Zfp804a"
6.71630600961911e-33,0.879304629302728,0.611,0.325,1.34326120192382e-29,"3","Olfm3"
2.20209453382645e-32,0.645948308126472,1,0.905,4.40418906765291e-29,"3","Pmch"
4.19560734220465e-32,0.556797752652243,0.774,0.428,8.3912146844093e-29,"3","Rmst"
7.53386075646966e-29,0.673441589284943,0.742,0.451,1.50677215129393e-25,"3","Grik1"
1.39295672334605e-28,1.03415126702337,0.452,0.198,2.78591344669211e-25,"3","Stxbp6"
1.71017905396992e-28,0.536784451379849,0.811,0.53,3.42035810793984e-25,"3","Dpp10"
1.58123278824583e-27,0.6223091416486,0.452,0.204,3.16246557649166e-24,"3","Adcy8"
1.22485984031504e-26,0.839149875419997,0.525,0.281,2.44971968063009e-23,"3","Il1rap"
1.72454876881927e-26,0.524283289802582,0.908,0.683,3.44909753763854e-23,"3","Ncam2"
1.8951742688513e-24,0.310851903474296,1,0.938,3.79034853770259e-21,"3","Lsamp"
2.55197500628718e-24,0.567720962839902,0.73,0.472,5.10395001257436e-21,"3","Tenm1"
1.23940699307664e-23,0.682162812208208,0.606,0.353,2.47881398615328e-20,"3","Ablim1"
2.79248597873479e-23,0.376098218705408,0.823,0.572,5.58497195746959e-20,"3","Dgkb"
1.26699057916235e-22,0.605122823201789,0.834,0.597,2.53398115832469e-19,"3","Nxph1"
2.19186569980588e-22,0.423807315899052,0.8,0.589,4.38373139961176e-19,"3","Hdac9"
1.42807308244401e-21,0.800950781490332,0.493,0.269,2.85614616488802e-18,"3","Plxdc2"
1.87204791431156e-21,0.72530524952508,0.493,0.272,3.74409582862312e-18,"3","Dach1"
3.93301856912816e-21,0.549817026681518,0.753,0.548,7.86603713825631e-18,"3","Gria3"
2.38064344599343e-20,0.492239229576315,0.751,0.525,4.76128689198686e-17,"3","Fstl5"
1.44858455781958e-19,0.568981781197334,0.583,0.351,2.89716911563916e-16,"3","Vat1l"
1.83125994488067e-19,0.730873632581788,0.463,0.254,3.66251988976135e-16,"3","Chn2"
1.9661963794769e-19,0.479061910334856,0.737,0.515,3.9323927589538e-16,"3","Tmeff2"
9.06958431872635e-19,0.444416320327722,0.834,0.626,1.81391686374527e-15,"3","Ppp3ca"
1.02110266564415e-17,0.451717474797247,0.85,0.629,2.0422053312883e-14,"3","Robo2"
3.46295877912078e-17,0.512044091963789,0.585,0.379,6.92591755824156e-14,"3","Pde10a"
9.0661313112877e-16,0.516176177610742,0.611,0.406,1.81322626225754e-12,"3","Lin7a"
9.13361624663182e-16,0.779067770256148,0.334,0.171,1.82672324932636e-12,"3","Pou6f2"
1.24182958158791e-15,0.438089925771711,0.749,0.553,2.48365916317582e-12,"3","Baz2b"
3.17873934609055e-15,0.456064008259711,0.498,0.302,6.3574786921811e-12,"3","Elmo1"
4.46261797133774e-15,0.419961305207714,0.488,0.284,8.92523594267547e-12,"3","Cdh13"
1.08025210427195e-14,0.627583982688238,0.281,0.125,2.16050420854389e-11,"3","Chodl"
1.34753656161859e-14,0.555774465184296,0.401,0.217,2.69507312323718e-11,"3","Syt4"
2.26935835510099e-14,0.437180382146023,0.717,0.531,4.53871671020198e-11,"3","Khdrbs2"
4.21030370004487e-14,0.334854587766575,0.724,0.525,8.42060740008975e-11,"3","Rab3c"
1.94978801901622e-13,0.296580719165944,0.823,0.642,3.89957603803243e-10,"3","Gabra2"
2.39564894368108e-13,0.383961803811375,0.788,0.621,4.79129788736217e-10,"3","Pde4b"
2.56624872958891e-13,0.463292877591001,0.512,0.336,5.13249745917783e-10,"3","Fam135b"
7.6537634137158e-13,0.290372665471234,0.816,0.612,1.53075268274316e-09,"3","Car10"
1.05870194365079e-12,0.341453905063013,0.811,0.636,2.11740388730159e-09,"3","Pam"
1.06652425791914e-12,0.356464973317611,0.571,0.389,2.13304851583827e-09,"3","Srgap1"
1.71592173456316e-12,0.374192980599264,0.631,0.443,3.43184346912632e-09,"3","Ncald"
2.03156696028339e-12,0.28176913422207,0.705,0.513,4.06313392056677e-09,"3","Ptprm"
2.68328165834115e-12,0.524772672097377,0.272,0.142,5.3665633166823e-09,"3","Flrt2"
3.6788314272598e-12,0.523159481491375,0.332,0.175,7.3576628545196e-09,"3","Scg2"
1.87468656963218e-11,0.371475977580674,0.698,0.522,3.74937313926437e-08,"3","Fat3"
2.94121048428343e-11,0.330659755450048,0.657,0.496,5.88242096856686e-08,"3","Plcl1"
3.12123983748756e-11,0.302599572194238,0.735,0.563,6.24247967497512e-08,"3","Nebl"
3.30702532568706e-11,0.483513136169034,0.523,0.363,6.61405065137412e-08,"3","Trpc5"
3.64920037902654e-11,0.345665464755159,0.364,0.219,7.29840075805308e-08,"3","Cdh20"
6.173345635077e-11,0.46032292239016,0.562,0.398,1.2346691270154e-07,"3","Grin3a"
5.54994891770637e-10,0.389357359705357,0.224,0.109,1.10998978354127e-06,"3","Sorl1"
4.82005407004046e-09,0.349863687685061,0.514,0.37,9.64010814008091e-06,"3","Mgat5"
6.53218962538376e-09,0.264397742089909,0.753,0.595,1.30643792507675e-05,"3","Elavl2"
1.15255088033092e-08,0.425179985276186,0.258,0.159,2.30510176066184e-05,"3","Tox3"
2.36977541710474e-08,0.407303869680047,0.548,0.419,4.73955083420948e-05,"3","Rbms1"
2.77533255366271e-08,0.39136457013985,0.309,0.187,5.55066510732543e-05,"3","Sv2b"
2.78639278825512e-08,0.325981121337404,0.399,0.267,5.57278557651023e-05,"3","Fam46a"
9.51922887961072e-08,0.302455738765147,0.435,0.307,0.000190384577592214,"3","Prkca"
1.86403233003745e-07,0.403160498572773,0.412,0.29,0.00037280646600749,"3","Kcnk2"
2.07142715225401e-07,0.251453908539443,0.601,0.466,0.000414285430450802,"3","Grm1"
2.20979057116881e-07,0.323760530660065,0.198,0.114,0.000441958114233762,"3","Tspan18"
3.96958229366846e-07,0.401656389940192,0.376,0.259,0.000793916458733692,"3","Sgk1"
4.1562786807052e-07,0.251696488485361,0.445,0.315,0.000831255736141041,"3","Rgs17"
5.24012592132095e-07,0.372627766180285,0.348,0.239,0.00104802518426419,"3","Kcnab1"
7.73565173891267e-07,0.30777516445503,0.196,0.113,0.00154713034778253,"3","AW551984"
1.06903612086546e-06,0.316614685612521,0.263,0.164,0.00213807224173091,"3","Klhl4"
1.25103177279077e-06,0.311479116192685,0.406,0.297,0.00250206354558154,"3","Tmem132b"
4.03296904073736e-06,0.33052806990705,0.228,0.145,0.00806593808147472,"3","Chgb"
1.59776019103439e-05,0.268012684328288,0.207,0.135,0.0319552038206879,"3","Wls"
1.87249582895245e-05,0.284060173056891,0.309,0.216,0.0374499165790489,"3","Pygb"
2.23465987641354e-05,0.341935509165506,0.389,0.296,0.0446931975282707,"3","Asxl3"
2.40845979609414e-05,0.289366106780976,0.182,0.105,0.0481691959218828,"3","Ctsl"
3.08899018680111e-05,0.307836547632099,0.341,0.258,0.0617798037360221,"3","Enox2"
4.24924522524069e-05,0.293710513935674,0.316,0.226,0.0849849045048139,"3","Emc7"
9.80937453223478e-05,0.259525299595471,0.175,0.114,0.196187490644696,"3","Cd164"
0.00014289823519542,0.296858726956684,0.346,0.262,0.285796470390841,"3","Pmepa1"
0.000152467803587162,0.270684966306406,0.295,0.215,0.304935607174324,"3","Bex2"
0.000165232160956598,0.319135022205909,0.219,0.14,0.330464321913196,"3","Tacc2"
0.000212734075570259,0.326213626499562,0.316,0.233,0.425468151140518,"3","Itm2c"
0.000234401387455087,0.284451377580738,0.311,0.237,0.468802774910174,"3","Ctnnal1"
0.000285446205731788,0.280531145913182,0.334,0.258,0.570892411463577,"3","Maml3"
0.000433711584978282,0.340405570229085,0.177,0.112,0.867423169956565,"3","Col9a2"
0.000447269863255351,0.285654666414877,0.288,0.218,0.894539726510701,"3","Mpp7"
0.000468159562381943,0.30917143791909,0.274,0.211,0.936319124763886,"3","Fam184b"
0.00122849670213193,0.251340528049876,0.212,0.15,1,"3","Gm1673"
0.00476612166479058,0.260344587493837,0.203,0.141,1,"3","Tns1"
0.00559003620576839,0.264136488130808,0.247,0.186,1,"3","Hmgcs1"
2.39911852235291e-129,2.02959169847749,0.847,0.204,4.79823704470582e-126,"4","Cartpt"
3.37872732188409e-128,1.39075575148015,0.988,0.646,6.75745464376818e-125,"4","Pcsk2"
2.93898656755973e-97,1.34334195546465,0.925,0.499,5.87797313511947e-94,"4","Thsd7a"
1.21573821070369e-88,1.37902623947059,0.815,0.321,2.43147642140739e-85,"4","Mapk4"
1.94327881761171e-85,0.869963154014918,0.994,0.816,3.88655763522343e-82,"4","Rims1"
2.6675884635424e-79,1.0624746860806,0.894,0.463,5.33517692708479e-76,"4","Pld5"
8.13769729161191e-76,1.0722953053098,0.886,0.487,1.62753945832238e-72,"4","Pde1a"
2.49437987464497e-75,0.904601107917024,0.953,0.582,4.98875974928994e-72,"4","Kcnc2"
2.45691706333656e-72,1.37610768566682,0.741,0.304,4.91383412667312e-69,"4","Kctd8"
6.30395905254248e-71,0.788649880863963,0.996,0.762,1.2607918105085e-67,"4","Syt1"
1.2182491177693e-68,0.796927727487597,0.992,0.848,2.4364982355386e-65,"4","Tenm2"
8.71396263000265e-67,1.12868009397819,0.603,0.189,1.74279252600053e-63,"4","Sphkap"
9.05441337240102e-64,0.772846441953777,0.978,0.768,1.8108826744802e-60,"4","Lrrc7"
1.27680293119227e-62,1.20496595796382,0.644,0.232,2.55360586238455e-59,"4","Parm1"
4.71913795273015e-56,1.07733017336692,0.839,0.464,9.43827590546029e-53,"4","Zfp804b"
1.09165482928812e-55,1.1018151618404,0.525,0.166,2.18330965857623e-52,"4","Palmd"
2.46440949700966e-54,0.680152525977765,0.904,0.559,4.92881899401932e-51,"4","Trpm3"
4.27721749362041e-51,0.498178152089102,1,0.869,8.55443498724082e-48,"4","Lrrc4c"
1.19490045222252e-50,0.480557101275624,0.998,0.913,2.38980090444505e-47,"4","Cntnap2"
3.13711204835857e-50,1.00397002162004,0.615,0.252,6.27422409671714e-47,"4","Ell2"
2.55281212418411e-46,0.432816536987153,1,0.906,5.10562424836821e-43,"4","Nlgn1"
1.22227501265483e-43,0.60359893445171,0.988,0.765,2.44455002530966e-40,"4","Kirrel3"
2.13830330482094e-43,1.25299111725433,0.473,0.18,4.27660660964188e-40,"4","Adamtsl1"
2.26473670629856e-43,0.568613673855278,0.916,0.625,4.52947341259712e-40,"4","Ptprg"
4.93403232906113e-43,0.927283848549944,0.407,0.118,9.86806465812225e-40,"4","Enpp2"
4.22224227658203e-41,0.837608498423893,0.809,0.514,8.44448455316406e-38,"4","Egfem1"
3.45388777344873e-40,0.9694951780125,0.381,0.101,6.90777554689746e-37,"4","Nptx1"
7.36093624534294e-40,0.780250060610364,0.802,0.47,1.47218724906859e-36,"4","Camk4"
3.04764358226028e-38,0.679663050681439,0.662,0.318,6.09528716452056e-35,"4","Deptor"
2.8633705186265e-36,0.941981746382106,0.466,0.193,5.72674103725301e-33,"4","Lef1"
4.08953029474367e-35,0.62126006086871,0.424,0.148,8.17906058948734e-32,"4","3632451O06Rik"
2.69387071211215e-34,0.764852805025283,0.415,0.144,5.38774142422429e-31,"4","Nucb2"
1.61656765953864e-33,0.750834526409136,0.621,0.317,3.23313531907727e-30,"4","Slc7a14"
1.89941500067344e-33,0.845263603327121,0.623,0.336,3.79883000134689e-30,"4","Osbpl3"
1.6539949284009e-32,0.610467081671956,0.701,0.393,3.30798985680181e-29,"4","Plxna2"
3.37038774217889e-32,0.718910621607822,0.456,0.192,6.74077548435777e-29,"4","Pdlim5"
6.77941525557717e-32,0.687310032928115,0.454,0.184,1.35588305111543e-28,"4","Gfra1"
1.4137641020092e-31,0.661356742654919,0.521,0.238,2.8275282040184e-28,"4","Sema6a"
1.61877724252281e-31,0.598813112208805,0.892,0.636,3.23755448504562e-28,"4","Ntng1"
1.68879133409356e-30,0.656554120048511,0.772,0.467,3.37758266818712e-27,"4","Cpne4"
8.36035141714709e-30,0.348402453899616,1,0.95,1.67207028342942e-26,"4","Pcdh9"
1.32233452683359e-29,0.517326350305939,0.87,0.603,2.64466905366717e-26,"4","Rbms3"
4.07570332380585e-29,0.365264252512875,0.996,0.889,8.1514066476117e-26,"4","Ptprd"
5.88015504100548e-29,0.401065968251236,0.978,0.757,1.1760310082011e-25,"4","Cntnap5a"
3.01693291894525e-28,0.515526325196108,0.888,0.6,6.03386583789049e-25,"4","Cacna2d1"
1.23840229083547e-27,0.520376550685247,0.44,0.189,2.47680458167093e-24,"4","Snca"
1.62086154165622e-27,0.564065844959879,0.637,0.345,3.24172308331244e-24,"4","Ptpro"
2.41665913903577e-27,0.375400177390977,0.935,0.664,4.83331827807154e-24,"4","Pcdh7"
3.20809821384303e-27,0.536784192866806,0.741,0.438,6.41619642768605e-24,"4","Clstn2"
8.83860082989002e-27,0.617188770594211,0.517,0.265,1.767720165978e-23,"4","Pbx3"
6.32542842388114e-26,0.500788002951852,0.78,0.497,1.26508568477623e-22,"4","Slc2a13"
4.37557642276236e-25,0.446319360766262,0.664,0.374,8.75115284552473e-22,"4","Kcnq5"
8.38447136120485e-25,0.583797255820413,0.385,0.163,1.67689427224097e-21,"4","Dab2"
1.39787584718026e-24,0.525540866716206,0.688,0.406,2.79575169436053e-21,"4","Igf1"
5.53021311682033e-24,0.555900672459497,0.328,0.138,1.10604262336407e-20,"4","Cald1"
1.05680162445461e-23,0.520703636882092,0.627,0.361,2.11360324890922e-20,"4","Daam1"
2.42255079633293e-23,0.534799608607361,0.436,0.202,4.84510159266585e-20,"4","Prune2"
2.46092095182629e-23,0.489609034923152,0.676,0.409,4.92184190365258e-20,"4","Apba2"
5.55281153814371e-23,0.529193040430211,0.688,0.419,1.11056230762874e-19,"4","Mllt3"
6.1622203032684e-23,0.255865020836822,0.896,0.582,1.23244406065368e-19,"4","Dlgap1"
7.39160536226523e-23,0.616425409344696,0.395,0.175,1.47832107245305e-19,"4","Rab3b"
7.43431231267345e-23,0.481843262210141,0.599,0.342,1.48686246253469e-19,"4","Nhs"
1.71248869120679e-22,0.569550788297207,0.479,0.254,3.42497738241357e-19,"4","Me3"
2.18624804544896e-22,0.577520165634634,0.47,0.241,4.37249609089793e-19,"4","Fyco1"
2.37786304885122e-22,0.359968202066381,0.532,0.277,4.75572609770243e-19,"4","Snx10"
2.6649467092069e-22,0.483392984672278,0.58,0.328,5.32989341841379e-19,"4","Lhfp"
3.09790597096677e-22,0.586073035941409,0.369,0.161,6.19581194193354e-19,"4","Maged2"
6.68434036622646e-22,0.251052311846485,0.888,0.639,1.33686807324529e-18,"4","Grm8"
6.8006282560725e-22,0.381328192883495,0.919,0.663,1.3601256512145e-18,"4","Map1b"
1.03714214388249e-21,0.415562335496921,0.629,0.359,2.07428428776498e-18,"4","Pfkp"
1.5354085919971e-21,0.487462910616043,0.542,0.291,3.0708171839942e-18,"4","2510009E07Rik"
5.2945377568155e-21,0.296985281864703,0.939,0.713,1.0589075513631e-17,"4","Erc2"
1.48644453381677e-20,0.438491499292773,0.326,0.149,2.97288906763354e-17,"4","Tle1"
1.57731416680139e-20,0.440467693572176,0.483,0.254,3.15462833360278e-17,"4","Klhl13"
3.16004499401113e-20,0.646995834157055,0.328,0.136,6.32008998802227e-17,"4","Mtus1"
5.13335512058358e-20,0.552400791360601,0.45,0.237,1.02667102411672e-16,"4","Tmtc1"
5.63409204660795e-20,0.299633269126697,0.385,0.178,1.12681840932159e-16,"4","Pcdh19"
9.88040272065043e-20,0.43234051330365,0.424,0.214,1.97608054413009e-16,"4","Adcy5"
1.92231888006575e-19,0.42842820414936,0.454,0.236,3.84463776013149e-16,"4","Efr3b"
2.58638617411529e-19,0.605488382529126,0.438,0.223,5.17277234823058e-16,"4","Pik3r1"
1.13239242837326e-18,0.700012709979641,0.35,0.164,2.26478485674652e-15,"4","Sema5a"
1.94770591195193e-18,0.414292294574468,0.862,0.63,3.89541182390386e-15,"4","Zbtb20"
2.28412076733497e-18,0.521589871558111,0.403,0.215,4.56824153466993e-15,"4","Cntnap4"
9.29028243018199e-18,0.59797540084565,0.409,0.222,1.8580564860364e-14,"4","Mccc2"
1.04042384031451e-17,0.488634117692927,0.356,0.182,2.08084768062902e-14,"4","Jam3"
1.26586327851207e-17,0.348913942115368,0.967,0.786,2.53172655702414e-14,"4","Prkg1"
2.01274174022341e-17,0.424208550154114,0.468,0.266,4.02548348044683e-14,"4","Iqgap1"
2.23380639517238e-17,0.502755211615698,0.387,0.198,4.46761279034476e-14,"4","Gng12"
4.6883968302288e-17,0.336557219967122,0.299,0.134,9.37679366045761e-14,"4","Wwc1"
7.59135126780525e-17,0.278048443578861,0.656,0.407,1.51827025356105e-13,"4","Fam19a2"
1.13106616485563e-16,0.317856607787052,0.35,0.172,2.26213232971126e-13,"4","Rrbp1"
1.19487038716738e-16,0.660870126137113,0.342,0.161,2.38974077433476e-13,"4","Rspo3"
2.23185252769731e-16,0.462024693311341,0.44,0.254,4.46370505539461e-13,"4","Trhde"
2.65221596070549e-16,0.431948100887214,0.54,0.335,5.30443192141097e-13,"4","Mad1l1"
2.81924779513367e-16,0.298694470578214,0.729,0.474,5.63849559026734e-13,"4","Pcdh17"
3.30351266151321e-16,0.37310926705541,0.216,0.077,6.60702532302642e-13,"4","Gpr83"
3.79597509492631e-16,0.271524825893216,0.483,0.279,7.59195018985262e-13,"4","Psd3"
4.37435297043405e-16,0.28638414645852,0.422,0.228,8.74870594086811e-13,"4","Atp2b4"
1.3758637882837e-15,0.264381908510404,0.613,0.392,2.75172757656741e-12,"4","Cdh11"
1.60148688043842e-15,0.376189368214518,0.381,0.196,3.20297376087683e-12,"4","Sez6l"
4.6480620356813e-15,0.351809702378395,0.637,0.419,9.29612407136260e-12,"4","Kcnh7"
5.97344605796655e-15,0.312934688681296,0.399,0.215,1.19468921159331e-11,"4","Slc6a15"
8.28638547027548e-15,0.352510854562515,0.405,0.234,1.6572770940551e-11,"4","Dscaml1"
1.37003334609601e-14,0.510970273779982,0.322,0.162,2.74006669219201e-11,"4","Socs2"
2.38244675297171e-14,0.401288539470015,0.489,0.29,4.76489350594343e-11,"4","Vmp1"
9.66260382003887e-14,0.379512552953929,0.314,0.161,1.93252076400777e-10,"4","Zic4"
9.96510421466995e-14,0.453081229065121,0.354,0.201,1.99302084293399e-10,"4","Ypel2"
1.81189006941608e-13,0.309182326026437,0.383,0.211,3.62378013883216e-10,"4","Pcdh10"
5.72824046892987e-13,0.577834861863336,0.253,0.128,1.14564809378597e-09,"4","Sulf1"
7.33455317583488e-13,0.481900199188937,0.379,0.222,1.46691063516698e-09,"4","Arhgef28"
2.03803208053227e-12,0.377160023233763,0.251,0.129,4.07606416106454e-09,"4","Tstd2"
2.67566389883526e-12,0.357642829253709,0.312,0.165,5.35132779767053e-09,"4","Thap3"
3.87621855205475e-12,0.283266804392244,0.603,0.411,7.75243710410949e-09,"4","Tcf4"
4.80532941877808e-12,0.263961503584389,0.259,0.137,9.61065883755616e-09,"4","Ssfa2"
6.58962794703789e-12,0.358993961071522,0.303,0.162,1.31792558940758e-08,"4","Cdh7"
1.18019198201633e-11,0.373442953027006,0.519,0.344,2.36038396403266e-08,"4","Tmem200a"
1.31025922670502e-11,0.252705447400144,0.452,0.287,2.62051845341004e-08,"4","Klhl1"
2.56057475274979e-11,0.46289194865886,0.328,0.19,5.12114950549958e-08,"4","Ptbp3"
3.13564858097916e-11,0.388446880204515,0.2,0.082,6.27129716195832e-08,"4","Rspo1"
3.1994148954758e-11,0.329863510963104,0.303,0.164,6.39882979095159e-08,"4","Nr2f1"
3.60247667310567e-11,0.252152892066803,0.405,0.255,7.20495334621133e-08,"4","Senp8"
5.25331841116063e-11,0.378953071604674,0.411,0.256,1.05066368223213e-07,"4","Plce1"
6.54849677928172e-11,0.33161240837318,0.434,0.278,1.30969935585634e-07,"4","L3mbtl3"
8.44565654026711e-11,0.345037348614852,0.303,0.182,1.68913130805342e-07,"4","Pde1c"
1.37284017906959e-10,0.253144461753528,0.481,0.316,2.74568035813918e-07,"4","Igf1r"
1.43899263618155e-10,0.259045429177207,0.499,0.326,2.8779852723631e-07,"4","Rab27b"
2.41162777667604e-10,0.277937560857841,0.185,0.076,4.82325555335209e-07,"4","Hspb11"
2.55421275809273e-10,0.350099469071071,0.271,0.163,5.10842551618546e-07,"4","Tmem196"
2.60410537980234e-10,0.444808243339015,0.236,0.125,5.20821075960468e-07,"4","Vcan"
8.43200173357039e-10,0.374947434420137,0.538,0.368,1.68640034671408e-06,"4","Nnat"
1.71878587535106e-09,0.268671861735946,0.273,0.148,3.43757175070213e-06,"4","Cpne5"
2.0311026614532e-09,0.362576951091049,0.253,0.132,4.06220532290641e-06,"4","Fkbp14"
3.98295918027225e-09,0.335163510288609,0.326,0.203,7.9659183605445e-06,"4","Cdyl"
6.38745918735337e-09,0.253712304346644,0.279,0.169,1.27749183747067e-05,"4","Arhgef3"
7.75403257556285e-09,0.274764332116696,0.238,0.143,1.55080651511257e-05,"4","Abhd2"
8.01169066742406e-09,0.372746568266619,0.222,0.119,1.60233813348481e-05,"4","Degs1"
2.08521924386742e-08,0.324054777713219,0.316,0.204,4.17043848773484e-05,"4","Arfgap3"
8.68222977809796e-08,0.27014907420829,0.371,0.256,0.000173644595561959,"4","Hs3st1"
1.06219628576124e-07,0.312127825570247,0.189,0.092,0.000212439257152249,"4","Hrh3"
1.85199102265719e-07,0.276935267695073,0.159,0.07,0.000370398204531439,"4","Amigo2"
2.32846706633874e-07,0.332813716994913,0.138,0.049,0.000465693413267748,"4","Lmo2"
9.67338634766895e-07,0.273719247155761,0.291,0.187,0.00193467726953379,"4","Tmem158"
1.43903323266302e-06,0.269914553350738,0.283,0.194,0.00287806646532603,"4","Plekhh2"
1.55150762913349e-05,0.321200409596132,0.183,0.095,0.0310301525826699,"4","Prkcq"
5.86661635147879e-05,0.286801754335014,0.185,0.112,0.117332327029576,"4","Arhgap31"
6.94995045699462e-05,0.373368791158101,0.228,0.141,0.138999009139892,"4","Tnfaip8"
0.00235808113288345,0.274547147056009,0.139,0.077,1,"4","Foxo1"
2.47111416588868e-77,2.5273173395387,0.808,0.3,4.94222833177737e-74,"5","Lrp1b"
2.32470139804576e-70,2.21445224957764,0.842,0.358,4.64940279609152e-67,"5","Csmd1"
2.4369445376387e-56,2.11910138161247,0.588,0.166,4.8738890752774e-53,"5","Fam19a1"
4.71571739519869e-56,2.28754347246355,0.671,0.243,9.43143479039738e-53,"5","Sorcs1"
9.89443041170065e-49,1.83867557180958,0.529,0.149,1.97888608234013e-45,"5","Caln1"
8.28054162939136e-46,2.53363590178512,0.567,0.199,1.65610832587827e-42,"5","Pcdh15"
1.0209584435781e-42,2.18082592762302,0.517,0.132,2.0419168871562e-39,"5","Alcam"
3.01169982299513e-41,1.45868734919327,0.879,0.672,6.02339964599025e-38,"5","Magi2"
1.38077389865434e-40,1.82494998303775,0.825,0.523,2.76154779730868e-37,"5","Asic2"
1.26712144943501e-37,1.73869457033215,0.717,0.363,2.53424289887002e-34,"5","Unc5d"
3.22197437641597e-37,1.47695575786316,0.5,0.169,6.44394875283194e-34,"5","Unc13c"
1.04795629605143e-35,1.67859025238207,0.454,0.15,2.09591259210286e-32,"5","Chrm3"
6.76337258355445e-35,1.52075229435593,0.467,0.151,1.35267451671089e-31,"5","Tmem163"
3.10731109315296e-31,0.626734949680552,0.246,0.036,6.21462218630592e-28,"5","Dlx6os1"
4.2738989551188e-31,1.8983551388312,0.479,0.179,8.5477979102376e-28,"5","Pex5l"
2.27897802610506e-30,1.95735538459721,0.446,0.162,4.55795605221012e-27,"5","Gpc5"
4.85929752029003e-30,1.63316820552507,0.646,0.33,9.71859504058006e-27,"5","Cntn4"
8.96385017439543e-29,1.60365783490193,0.65,0.342,1.79277003487909e-25,"5","Pdzrn4"
9.98418927349313e-29,1.47086379858953,0.362,0.103,1.99683785469863e-25,"5","Rgs6"
4.10796435508991e-28,1.34224775400651,0.754,0.486,8.21592871017981e-25,"5","Rmst"
6.87071319819557e-26,1.87171542555801,0.504,0.216,1.37414263963911e-22,"5","Auts2"
1.29808973689477e-25,1.20585380973131,0.725,0.425,2.59617947378955e-22,"5","Kcnq5"
2.71648643668952e-24,1.31064621299901,0.804,0.651,5.43297287337904e-21,"5","Il1rapl1"
3.96250883188333e-24,1.26424685694141,0.696,0.438,7.92501766376667e-21,"5","Rora"
6.99682322154457e-24,0.803299044105691,0.3,0.086,1.39936464430891e-20,"5","Ldb2"
3.48447401319501e-22,1.18973723350714,0.496,0.229,6.96894802639003e-19,"5","Kcnj3"
8.31425675609904e-22,0.375424593700318,0.262,0.072,1.66285135121981e-18,"5","Dock1"
1.35205545946511e-21,1.18953574663068,0.9,0.888,2.70411091893021e-18,"5","Kcnip4"
7.04975744355162e-21,0.992340857847558,0.812,0.684,1.40995148871032e-17,"5","Dab1"
1.05785032623393e-20,0.568000981457151,0.262,0.065,2.11570065246786e-17,"5","Arhgef26"
1.2807447529792e-20,0.711978186333363,0.262,0.064,2.56148950595841e-17,"5","Necab1"
2.21820467397126e-20,1.4137339156457,0.571,0.3,4.43640934794251e-17,"5","Cdh13"
4.50533537057228e-16,1.0372017838618,0.542,0.296,9.01067074114456e-13,"5","Spock3"
1.63143783337139e-15,1.14381514066718,0.338,0.129,3.26287566674278e-12,"5","Cpne8"
2.89785622885689e-15,0.956368396606106,0.279,0.102,5.79571245771378e-12,"5","Cdh4"
5.69866996159218e-15,0.771578952424786,0.254,0.067,1.13973399231844e-11,"5","BC030499"
9.37308499535361e-15,0.615879510670984,0.321,0.139,1.87461699907072e-11,"5","Arpp21"
1.09356509124627e-14,0.907042801522794,0.346,0.139,2.18713018249254e-11,"5","Vwc2"
1.62611750118258e-14,1.54345850308107,0.521,0.311,3.25223500236516e-11,"5","Inpp4b"
2.47489024372449e-14,0.612238700051845,0.279,0.109,4.94978048744898e-11,"5","Ndst3"
4.57434204031683e-14,0.89720915710395,0.729,0.574,9.14868408063367e-11,"5","Tenm4"
1.29608870436095e-13,0.956516708480634,0.438,0.228,2.59217740872191e-10,"5","Cdh20"
2.1554903023438e-13,0.868604343284347,0.421,0.214,4.3109806046876e-10,"5","Vsnl1"
2.68345330886149e-13,0.709225752405524,0.258,0.083,5.36690661772299e-10,"5","Aifm3"
4.03363194610735e-13,0.61497582472946,0.329,0.15,8.0672638922147e-10,"5","Kcnip1"
4.23404773622126e-13,0.440738306596245,0.242,0.087,8.46809547244252e-10,"5","4930447C04Rik"
2.21848063164418e-12,0.814012247992149,0.754,0.585,4.43696126328835e-09,"5","Dpp10"
2.95290245599321e-12,1.21488718715612,0.525,0.337,5.90580491198643e-09,"5","B3galt1"
3.61402445858898e-12,0.921819070061504,0.35,0.176,7.22804891717797e-09,"5","Ndst4"
1.52314013524659e-11,0.653512588623332,0.271,0.107,3.04628027049318e-08,"5","Ano3"
1.53323926779864e-11,0.718831187235431,0.271,0.094,3.06647853559728e-08,"5","Nrp2"
1.54852798174213e-11,0.680988695315402,0.292,0.14,3.09705596348426e-08,"5","Zfp536"
2.29016061400843e-11,0.639302004307485,0.863,0.88,4.58032122801687e-08,"5","Ntm"
2.77629189110175e-11,0.358187380571777,0.192,0.039,5.5525837822035e-08,"5","Prmt8"
3.81742915438793e-11,0.7316461736613,0.779,0.686,7.63485830877585e-08,"5","Gabrg3"
5.14256076628294e-11,0.844073369362035,0.683,0.508,1.02851215325659e-07,"5","Grik1"
1.70011551629789e-10,0.844034136752878,0.288,0.116,3.40023103259579e-07,"5","Megf11"
1.94026376116699e-10,0.499189162164675,0.283,0.129,3.88052752233399e-07,"5","Slc44a1"
3.78248505043979e-10,0.632373058446968,0.867,0.833,7.56497010087958e-07,"5","Grm5"
4.40729905584421e-10,0.919345877624802,0.346,0.17,8.81459811168842e-07,"5","Spats2l"
7.35312922022175e-10,0.929886841145851,0.412,0.237,1.47062584404435e-06,"5","Specc1"
1.27303599164845e-08,0.317640060771176,0.192,0.071,2.54607198329691e-05,"5","Tcf7l2"
1.40309757581512e-08,0.825085988955162,0.458,0.296,2.80619515163024e-05,"5","Plcb4"
1.60652263611044e-08,0.671223735076609,0.225,0.065,3.21304527222088e-05,"5","Tcerg1l"
2.00287386432533e-08,0.810976102303782,0.4,0.232,4.00574772865067e-05,"5","Rcan2"
2.0200103914907e-08,0.353695333843496,0.183,0.076,4.0400207829814e-05,"5","Meis2"
2.07218495255073e-08,1.23221617316065,0.304,0.145,4.14436990510146e-05,"5","Luzp2"
2.56109297044546e-08,0.674388375171607,0.342,0.193,5.12218594089091e-05,"5","Pcsk5"
3.90006210869593e-08,0.876153322063939,0.417,0.265,7.80012421739185e-05,"5","Tnr"
4.31117061778432e-08,0.429689121354996,0.212,0.072,8.62234123556865e-05,"5","Igfbp5"
4.82206604836528e-08,0.857828574620484,0.446,0.293,9.64413209673055e-05,"5","Tmtc2"
8.01781203994928e-08,0.364146443027475,0.233,0.107,0.000160356240798986,"5","Gpc3"
8.83516469492825e-08,0.692897109598592,0.417,0.268,0.000176703293898565,"5","Trps1"
1.00010601567518e-07,0.63086736812685,0.246,0.099,0.000200021203135036,"5","Epha4"
1.20703103915889e-07,0.887135454664931,0.275,0.12,0.000241406207831778,"5","Nrp1"
1.3237261909651e-07,0.652923733667515,0.212,0.068,0.000264745238193021,"5","Gda"
1.79980214076253e-07,0.789712957069237,0.292,0.14,0.000359960428152505,"5","Nos1ap"
2.12796443748436e-07,0.332789681280303,0.267,0.153,0.000425592887496873,"5","Ptprt"
2.36690828011071e-07,0.573926045709162,0.812,0.733,0.000473381656022142,"5","Dmd"
2.91845750007075e-07,0.63489005752891,0.375,0.233,0.00058369150001415,"5","Ncapd3"
3.43390260227417e-07,0.437715196461683,0.183,0.052,0.000686780520454833,"5","Ajap1"
4.78588312954874e-07,0.343545586757358,0.283,0.153,0.000957176625909749,"5","Gna12"
7.51000903647637e-07,0.526735801193798,0.242,0.119,0.00150200180729527,"5","A830018L16Rik"
1.16004179907377e-06,0.540637323513076,0.408,0.267,0.00232008359814754,"5","Ptprz1"
1.2803861698763e-06,0.485940104497272,0.2,0.078,0.0025607723397526,"5","Nrsn1"
1.53058420734357e-06,0.674466387346665,0.271,0.152,0.00306116841468714,"5","Itpr1"
1.56325299225007e-06,0.726797832801802,0.483,0.333,0.00312650598450015,"5","Edil3"
2.97714980523413e-06,0.579901133112256,0.262,0.138,0.00595429961046825,"5","Kcnh1"
3.13203517566482e-06,0.254390464936719,0.217,0.103,0.00626407035132963,"5","Bbs1"
3.63676555497216e-06,0.381599701898323,0.196,0.085,0.00727353110994432,"5","Palld"
4.099724519681e-06,0.586660199006211,0.525,0.404,0.00819944903936201,"5","Slc24a3"
6.02416072498738e-06,0.41002651801526,0.188,0.074,0.0120483214499748,"5","Fndc5"
6.27556535121223e-06,0.608202921414814,0.383,0.259,0.0125511307024245,"5","Gpr137c"
6.70747788228889e-06,0.628128865061086,0.367,0.238,0.0134149557645778,"5","Fhod3"
9.29911595185094e-06,0.757598879884391,0.408,0.282,0.0185982319037019,"5","Dock10"
1.37784204213162e-05,0.322934487780043,0.217,0.103,0.0275568408426325,"5","Sema5b"
1.74503405420519e-05,0.514484659888398,0.308,0.177,0.0349006810841037,"5","Arhgap6"
2.11990691249441e-05,0.650296344167418,0.537,0.418,0.0423981382498882,"5","Gabrb2"
2.88332098772523e-05,0.666572835209446,0.738,0.672,0.0576664197545045,"5","March1"
4.36058312113242e-05,0.37611099528728,0.2,0.084,0.0872116624226483,"5","Crtac1"
4.60892202531524e-05,0.56271164362741,0.412,0.294,0.0921784405063049,"5","Grik4"
5.02697523997513e-05,0.535997622643741,0.346,0.231,0.100539504799503,"5","Srrm4"
5.74527104311724e-05,0.488893813425927,0.338,0.199,0.114905420862345,"5","Scg2"
6.15315933319436e-05,0.299327560508951,0.188,0.086,0.123063186663887,"5","Esr1"
6.28163997456757e-05,0.770728228731294,0.629,0.54,0.125632799491351,"5","Phactr1"
7.25383509917465e-05,0.488154430593879,0.508,0.38,0.145076701983493,"5","Zfhx3"
7.87620789145979e-05,0.54812402394506,0.4,0.274,0.157524157829196,"5","Fut9"
7.92229228124353e-05,0.835599800325612,0.496,0.38,0.158445845624871,"5","Cdh8"
8.83643423242861e-05,0.484390464369468,0.338,0.212,0.176728684648572,"5","Gabra1"
0.000113105585383648,0.93159631226451,0.275,0.171,0.226211170767296,"5","Nell1"
0.000114768779209042,0.512492925519463,0.717,0.708,0.229537558418083,"5","Gria4"
0.000163024880497061,0.508960704241809,0.3,0.186,0.326049760994122,"5","Dlc1"
0.000168723195121909,0.456378292146774,0.292,0.187,0.337446390243818,"5","Eml1"
0.00018187437146477,0.488461390457182,0.646,0.56,0.36374874292954,"5","Fat3"
0.000221274264110284,0.53015465684728,0.713,0.662,0.442548528220569,"5","Mgat4c"
0.000305460791730999,0.593245514027263,0.55,0.447,0.610921583461999,"5","Pcsk1n"
0.000340913460765667,0.299644732634054,0.221,0.118,0.681826921531334,"5","Serpini1"
0.000347099322594114,0.356802536953585,0.238,0.133,0.694198645188227,"5","Btbd11"
0.000366045131874665,0.488052324926238,0.304,0.199,0.73209026374933,"5","Mef2c"
0.000370507471346389,0.401209982562035,0.467,0.349,0.741014942692778,"5","Rasgrf1"
0.000405736811131783,0.395794580004337,0.421,0.315,0.811473622263566,"5","Chrm2"
0.000482321459469693,0.303947163260912,0.154,0.185,0.964642918939387,"5","Eps8"
0.000487146844729506,0.481107544530459,0.592,0.489,0.974293689459012,"5","Grm1"
0.000493910321324277,0.440745688601105,0.246,0.138,0.987820642648554,"5","Kcnc1"
0.000528069185286382,0.58506723306746,0.175,0.059,1,"5","Dlk1"
0.000554257457821459,0.354936119743392,0.2,0.095,1,"5","Mgll"
0.00077488902717303,0.656812930338662,0.267,0.15,1,"5","Rph3a"
0.000775861401098185,0.256423345535735,0.246,0.153,1,"5","Cpq"
0.000776345954794197,0.505385960798151,0.746,0.75,1,"5","Ncam2"
0.000835017151140688,0.45509517802872,0.233,0.15,1,"5","Sox6"
0.000867858359713374,0.581524783991817,0.462,0.359,1,"5","Setbp1"
0.000887843740163162,0.285985946328485,0.238,0.144,1,"5","Sh3kbp1"
0.000925565716649036,0.552979691035086,0.304,0.203,1,"5","Utrn"
0.000982477738049479,0.410591194027526,0.358,0.261,1,"5","Adcy8"
0.000982697573435435,0.638043476002236,0.6,0.524,1,"5","Tenm3"
0.00108817147179896,0.468780211321862,0.621,0.572,1,"5","Cadm1"
0.00127549839284321,0.281287920130876,0.362,0.263,1,"5","Hspa8"
0.00162662256945926,0.901339221706551,0.192,0.069,1,"5","Hs6st2"
0.00242973369871309,0.536310798167415,0.242,0.127,1,"5","Slc6a1"
0.00270821056716743,0.311783673308125,0.188,0.093,1,"5","Pcsk1"
0.00272890424723085,0.401358194893402,0.279,0.185,1,"5","Cd47"
0.0028956259072739,0.533778587623253,0.388,0.295,1,"5","Aff2"
0.00316236692078388,0.254783306614478,0.196,0.109,1,"5","Kcnh8"
0.00334587970808134,0.441211276661618,0.446,0.358,1,"5","Scn1a"
0.00353587616927556,0.392890892707722,0.112,0.047,1,"5","Bcl11b"
0.00403676555562713,0.39703129076448,0.288,0.198,1,"5","Fam110b"
0.0040409391806828,0.467679969636334,0.438,0.351,1,"5","Scn8a"
0.00419118945444299,0.367088600399988,0.329,0.247,1,"5","Cnksr2"
0.00445078940089356,0.325510940078481,0.167,0.074,1,"5","Sulf2"
0.00448111909437835,0.359568994322794,0.254,0.161,1,"5","Sppl2a"
0.00474501307841294,0.301672963309278,0.146,0.048,1,"5","Slitrk4"
0.00483328803136836,0.256543280287609,0.146,0.057,1,"5","Peli2"
0.00492766433524858,0.66264646004771,0.283,0.185,1,"5","Brinp2"
0.00736470578110924,0.582323755771396,0.329,0.244,1,"5","Ryr3"
0.00757020432519873,0.889767457897474,0.504,0.427,1,"5","Pde10a"
0.00779197903280633,0.3466627400359,0.279,0.195,1,"5","Mipol1"
0.0096262679398353,0.594396497355671,0.225,0.119,1,"5","Gabra5"
0.00967808534773941,0.35606664677999,0.146,0.149,1,"5","Tspan33"
0.0098737523053834,0.40703566308477,0.375,0.285,1,"5","Itm2b"
6.72238029438399e-12,0.309115674312556,0.35,0.699,1.3444760588768e-08,"6","Dgkb"
3.83739837594217e-10,0.29733361543176,0.159,0.402,7.67479675188434e-07,"6","Snx10"
5.86501987186519e-10,0.360658879460553,0.305,0.601,1.17300397437304e-06,"6","Pcdh11x"
3.88493087900055e-09,0.357134579146321,0.221,0.49,7.7698617580011e-06,"6","Dner"
1.03959065835243e-08,0.265319839437432,0.217,0.471,2.07918131670486e-05,"6","Map4"
1.29812751862874e-08,0.325918783221287,0.239,0.507,2.59625503725748e-05,"6","Lin7a"
2.97177759445901e-08,0.280702064570076,0.248,0.504,5.94355518891801e-05,"6","Gng2"
8.88883307402047e-08,0.283559297058965,0.173,0.381,0.000177776661480409,"6","Psd3"
1.07957205156244e-07,0.292682768810104,0.358,0.653,0.000215914410312487,"6","Gria3"
1.13470981925454e-07,0.309430494382871,0.199,0.425,0.000226941963850907,"6","Gnb1"
1.30123744953645e-07,0.280392385320579,0.327,0.601,0.00026024748990729,"6","Camk2d"
1.31698622741077e-07,0.507500169951192,0.991,0.923,0.000263397245482155,"6","Pmch"
1.51327585181123e-07,0.402993765279409,0.332,0.629,0.000302655170362246,"6","Rab3c"
1.90778925572134e-07,0.384682467648922,0.319,0.584,0.000381557851144269,"6","Plcl1"
3.06097554510026e-07,0.255056663760004,0.274,0.503,0.000612195109020052,"6","Cdh11"
3.078418113842e-07,0.251901787078995,0.111,0.263,0.000615683622768399,"6","Dab2"
3.32371874846797e-07,0.293406649829441,0.522,0.808,0.000664743749693595,"6","Pcsk2"
5.59642882043943e-07,0.470908913226944,0.367,0.656,0.00111928576408789,"6","Pld5"
5.88029589086889e-07,0.378765467264752,0.212,0.418,0.00117605917817378,"6","Fam171b"
1.2581208246894e-06,0.493549444767043,0.305,0.544,0.0025162416493788,"6","Fgf13"
1.34396926869712e-06,0.285755912445856,0.195,0.371,0.00268793853739424,"6","Klhl1"
1.36033452208096e-06,0.319330687263939,0.239,0.434,0.00272066904416191,"6","Camk1d"
1.41675158053591e-06,0.371313985949995,0.106,0.253,0.00283350316107183,"6","Vstm2a"
1.8511633736588e-06,0.277499046772981,0.19,0.362,0.0037023267473176,"6","Iqgap1"
3.40531043798878e-06,0.253233902083997,0.195,0.366,0.00681062087597756,"6","Kcnd3"
3.76729916155282e-06,0.289742627778086,0.314,0.564,0.00753459832310564,"6","Stmn2"
4.62221065070132e-06,0.473980801072615,0.42,0.744,0.00924442130140263,"6","Gabra2"
5.09153701487958e-06,0.292190831347797,0.252,0.464,0.0101830740297592,"6","Fndc3a"
5.28961938270851e-06,0.410911098936925,0.376,0.675,0.010579238765417,"6","Pak3"
9.52646674252687e-06,0.372429147414768,0.221,0.391,0.0190529334850537,"6","Pid1"
1.0147714544624e-05,0.41260720702084,0.389,0.667,0.020295429089248,"6","Pde1a"
1.19638214325897e-05,0.350120940656087,0.575,0.863,0.0239276428651794,"6","Cdh18"
1.34913767965258e-05,0.449374602644676,0.146,0.302,0.0269827535930517,"6","Slc6a15"
2.01728570614147e-05,0.290038357002986,0.323,0.55,0.0403457141228294,"6","Cacna2d3"
2.40925380161291e-05,0.324163081536374,0.243,0.438,0.0481850760322583,"6","Dpysl2"
2.49038432477834e-05,0.258245209318408,0.221,0.405,0.0498076864955668,"6","Ell2"
2.52350802122117e-05,0.349661557619584,0.288,0.487,0.0504701604244234,"6","Rbms1"
2.65930852329115e-05,0.266843512228763,0.164,0.307,0.053186170465823,"6","Larp1b"
3.5494539374079e-05,0.394585840798639,0.168,0.331,0.070989078748158,"6","Fam46a"
3.69171940477847e-05,0.271885082721584,0.487,0.815,0.0738343880955695,"6","Sema6d"
3.69362482691541e-05,0.317981837450876,0.181,0.319,0.0738724965383082,"6","Kcnh5"
4.48219282092545e-05,0.510627843385013,0.367,0.62,0.089643856418509,"6","Mctp1"
4.81666324199876e-05,0.315968077135665,0.106,0.066,0.0963332648399752,"6","Col9a3"
5.20618546080414e-05,0.510981466693416,0.19,0.357,0.104123709216083,"6","Sphkap"
5.25248984633802e-05,0.352770668512483,0.252,0.431,0.10504979692676,"6","Tmem200a"
6.43155198168229e-05,0.365264032099588,0.159,0.319,0.128631039633646,"6","Atp2b4"
6.95550797528961e-05,0.285324445046125,0.27,0.454,0.139110159505792,"6","2010111I01Rik"
7.1239103402791e-05,0.361345753895525,0.518,0.84,0.142478206805582,"6","Erc2"
8.76742299759262e-05,0.362419864366153,0.204,0.355,0.175348459951852,"6","Chrm2"
9.20040064450233e-05,0.326084303093794,0.257,0.427,0.184008012890047,"6","Hs3st5"
0.000107838796414678,0.379272806596318,0.261,0.432,0.215677592829357,"6","Mad1l1"
0.000167574267126852,0.402454183756076,0.128,0.264,0.335148534253704,"6","3632451O06Rik"
0.000169020166189048,0.515633553639004,0.327,0.53,0.338040332378096,"6","Plxna2"
0.000232019039320898,0.40084087507482,0.265,0.442,0.464038078641795,"6","Lhfp"
0.00024718244138297,0.476850590771658,0.274,0.466,0.494364882765939,"6","Deptor"
0.000286401111506456,0.344128931855365,0.659,0.917,0.572802223012912,"6","Rims1"
0.000326411788672312,0.309332995743203,0.088,0.177,0.652823577344625,"6","Dnajc17"
0.000388601935094748,0.389032910022359,0.748,0.944,0.777203870189496,"6","Lrrc4c"
0.000388622278181428,0.423570253629957,0.398,0.629,0.777244556362857,"6","Zfp804b"
0.00046523091060258,0.290264081735237,0.173,0.308,0.930461821205159,"6","Pmepa1"
0.000610788863370469,0.315172758123718,0.199,0.326,1,"6","Senp8"
0.000928511712703022,0.357432801872728,0.212,0.346,1,"6","Pacrg"
0.00113944750484863,0.270122555627113,0.115,0.208,1,"6","Lima1"
0.00114268639629039,0.406874255064311,0.226,0.376,1,"6","Chl1"
0.00117719460354309,0.323676760660388,0.173,0.289,1,"6","Kcnab1"
0.00118935035307624,0.354130725743359,0.146,0.268,1,"6","Pcdh19"
0.00129996326939588,0.326598106855589,0.15,0.261,1,"6","Cep290"
0.00136903956959316,0.307689055713212,0.434,0.649,1,"6","Egfem1"
0.00142739656282652,0.576685125796351,0.164,0.296,1,"6","Snca"
0.00149105888589069,0.35346714221748,0.465,0.741,1,"6","Cacna2d1"
0.00211125643234344,0.354662691839264,0.115,0.211,1,"6","Fat1"
0.00211463678570741,0.641708110080816,0.478,0.77,1,"6","Ptprg"
0.00267671680682618,0.324090366394706,0.133,0.246,1,"6","Ache"
0.00275945875350844,0.33096719113749,0.186,0.298,1,"6","Adamtsl1"
0.00282981522557324,0.276776952509178,0.088,0.188,1,"6","Gng4"
0.00294778138085667,0.265461026500188,0.137,0.244,1,"6","Erp29"
0.00333096265444116,0.320404082445217,0.212,0.334,1,"6","Chn2"
0.0034710040217192,0.296981128549332,0.173,0.29,1,"6","Tmsb4x"
0.0049338130467634,0.313463625514666,0.115,0.211,1,"6","Gas7"
0.00555760701469323,0.378586955868272,0.177,0.289,1,"6","Mt3"
0.00579533307100363,0.25709817520912,0.159,0.27,1,"6","Syt17"
0.00628649601129158,0.608468492863794,0.221,0.328,1,"6","Tmem132d"
0.00646626601424968,0.34549608166077,0.071,0.15,1,"6","Tmem47"
0.0065490169128169,0.520050436498343,0.128,0.224,1,"6","Nr2f2"
0.00692951363041868,0.511078874573563,0.186,0.296,1,"6","Hspa8"
0.00823464618271504,0.59165411255244,0.199,0.297,1,"6","Enox2"
0.00901644215468923,0.538732999837762,0.23,0.339,1,"6","Fam184a"
